{
  "name": "h=04_t=006_s=010_m=06__11ZZ.json",
  "height": 4,
  "symbol_weight_bound": 6,
  "symbol_count": 10,
  "common_symbols": [0, 1],
  "symbol_weights": [4, 3, 6, 3, 1, 4, 1, 2, 2, 6],
  "cost_mean": 8.523809523809524,
  "cost_standard_deviation": 5.430242015294641,
  "tiles": [
    [0, 1],
    [0, 1, 2, 4, 8],
    [0, 1, 2, 5],
    [0, 1, 2, 5, 9],
    [0, 1, 3, 6],
    [0, 1, 3, 7]
  ],
  "costs": [
    [7, 7, 7, 7, 7, 7, 7],
    [9, 16, 16, 16, 16, 16, 16],
    [10, 4, 17, 17, 17, 17, 17],
    [16, 10, 6, 23, 23, 23, 23],
    [4, 4, 4, 4, 11, 11, 11],
    [5, 5, 5, 5, 2, 12, 12]
  ]
}
