{
  "name": "h=04_t=006_s=010_m=01__PCM6.json",
  "height": 4,
  "symbol_weight_bound": 1,
  "symbol_count": 10,
  "common_symbols": [],
  "symbol_weights": [1, 1, 1, 1, 1, 1, 1, 1, 1, 1],
  "cost_mean": 2.2857142857142856,
  "cost_standard_deviation": 0.8247860988423225,
  "tiles": [
    [0, 2, 5],
    [0, 2, 6],
    [1, 3, 7],
    [1, 3, 8],
    [1, 4],
    [1, 4, 9]
  ],
  "costs": [
    [3, 3, 3, 3, 3, 3, 3],
    [1, 3, 3, 3, 3, 3, 3],
    [3, 3, 3, 3, 3, 3, 3],
    [3, 3, 1, 3, 3, 3, 3],
    [2, 2, 1, 1, 2, 2, 2],
    [3, 3, 2, 2, 1, 3, 3]
  ]
}
