{
  "name": "h=04_t=003_s=006_m=06__S1M4.json",
  "height": 4,
  "symbol_weight_bound": 6,
  "symbol_count": 6,
  "common_symbols": [0, 1],
  "symbol_weights": [3, 5, 5, 6, 2, 1],
  "cost_mean": 9.833333333333334,
  "cost_standard_deviation": 4.844813951249544,
  "tiles": [
    [0, 1, 3, 6],
    [0, 1, 4, 7],
    [0, 1, 4, 8],
    [0, 2, 5, 9],
    [0, 2, 5, 10]
  ],
  "tiles": [
    [0, 1, 2],
    [0, 1, 2, 4],
    [0, 1, 3, 5]
  ],
  "costs": [
  [13, 13, 13, 13],
  [2, 15, 15, 15],
  [7, 7, 15, 15]
  ]
}
