{
  "name": "h=05_t=003_s=012_m=02__177Z.json",
  "height": 5,
  "symbol_weight_bound": 2,
  "symbol_count": 12,
  "common_symbols": [0, 1],
  "symbol_weights": [2, 1, 1, 1, 1, 2, 1, 2, 2, 2, 2, 1],
  "cost_mean": 6.833333333333333,
  "cost_standard_deviation": 1.950783318453271,
  "tiles": [
    [0, 1, 2, 4, 7],
    [0, 1, 3, 5, 8, 10],
    [0, 1, 3, 6, 9, 11]
  ],
  "costs": [
  [7, 7, 7, 7],
  [7, 10, 10, 10],
  [5, 4, 8, 8]
  ]
}
