{
  "name": "h=06_t=008_s=015_m=03__AQDP.json",
  "height": 6,
  "symbol_weight_bound": 3,
  "symbol_count": 15,
  "common_symbols": [0],
  "symbol_weights": [2, 2, 1, 1, 2, 2, 1, 1, 1, 1, 1, 2, 1, 3, 3],
  "cost_mean": 3.5277777777777777,
  "cost_standard_deviation": 2.3032116599690275,
  "tiles": [
    [0, 1, 4, 8],
    [0, 1, 4, 12, 10],
    [0, 1, 4, 12, 11],
    [0, 1, 4, 13],
    [0, 1, 5, 14],
    [0, 3],
    [0, 3, 9],
    [0, 6, 7, 2]
  ],
  "costs": [
    [7, 7, 7, 7, 7, 7, 7, 7, 7],
    [2, 8, 8, 8, 8, 8, 8, 8, 8],
    [3, 2, 9, 9, 9, 9, 9, 9, 9],
    [3, 3, 3, 9, 9, 9, 9, 9, 9],
    [5, 5, 5, 5, 9, 9, 9, 9, 9],
    [1, 1, 1, 1, 1, 3, 3, 3, 3],
    [2, 2, 2, 2, 2, 1, 4, 4, 4],
    [3, 3, 3, 3, 3, 3, 3, 5, 5]
  ]
}
