{
  "name": "h=06_t=012_s=031_m=06__6BJV.json",
  "height": 6,
  "symbol_weight_bound": 6,
  "symbol_count": 31,
  "common_symbols": [0],
  "symbol_weights": [5, 2, 5, 6, 4, 1, 1, 6, 3, 1, 4, 6, 2, 4, 1, 2, 4, 1, 6, 1, 1, 3, 3, 3, 2, 4, 2, 6, 6, 2, 1],
  "cost_mean": 12.435897435897436,
  "cost_standard_deviation": 4.73012642425978,
  "tiles": [
    [0, 1, 3, 6, 13, 23],
    [0, 1, 3, 6, 14, 24],
    [0, 1, 3, 7, 15],
    [0, 1, 3, 7, 15, 25],
    [0, 1, 5, 12, 22],
    [0, 1, 10, 20],
    [0, 1, 11, 21],
    [0, 2, 4, 9, 19, 30],
    [0, 2, 4, 18, 29],
    [0, 2, 8, 16, 26],
    [0, 2, 8, 17, 27],
    [0, 2, 8, 17, 28]
  ],
  "costs": [
  [21, 21, 21, 21, 21, 21, 21, 21, 21, 21, 21, 21, 21], 
  [3, 17, 17, 17, 17, 17, 17, 17, 17, 17, 17, 17, 17], 
  [8, 8, 21, 21, 21, 21, 21, 21, 21, 21, 21, 21, 21], 
  [12, 12, 4, 25, 25, 25, 25, 25, 25, 25, 25, 25, 25], 
  [6, 6, 6, 6, 13, 13, 13, 13, 13, 13, 13, 13, 13], 
  [5, 5, 5, 5, 5, 12, 12, 12, 12, 12, 12, 12, 12], 
  [9, 9, 9, 9, 9, 9, 16, 16, 16, 16, 16, 16, 16], 
  [12, 12, 12, 12, 12, 12, 12, 17, 17, 17, 17, 17, 17], 
  [17, 17, 17, 17, 17, 17, 17, 8, 22, 22, 22, 22, 22], 
  [14, 14, 14, 14, 14, 14, 14, 9, 9, 19, 19, 19, 19], 
  [15, 15, 15, 15, 15, 15, 15, 10, 10, 7, 20, 20, 20], 
  [15, 15, 15, 15, 15, 15, 15, 10, 10, 7, 6, 20, 20]
  ]
}
