{
  "name": "h=06_t=013_s=025_m=07__4I1G.json",
  "height": 6,
  "symbol_weight_bound": 7,
  "symbol_count": 25,
  "common_symbols": [0],
  "symbol_weights": [6, 5, 2, 1, 4, 3, 5, 3, 6, 4, 6, 3, 4, 7, 3, 2, 4, 7, 4, 1, 2, 4, 5, 3, 5],
  "cost_mean": 14.263736263736265,
  "cost_standard_deviation": 5.346941540968173,
  "tiles": [
    [0, 1, 3],
    [0, 1, 3, 11, 19],
    [0, 1, 3, 18],
    [0, 1, 4, 7, 12, 20],
    [0, 1, 4, 8, 13],
    [0, 1, 4, 8, 13, 21],
    [0, 2, 5, 9],
    [0, 2, 5, 9, 14],
    [0, 2, 5, 9, 22],
    [0, 2, 5, 10, 15],
    [0, 2, 5, 10, 16],
    [0, 2, 6, 17, 23],
    [0, 2, 6, 17, 24]
  ],
  "costs": [
  [12, 12, 12, 12, 12, 12, 12, 12, 12, 12, 12, 12, 12, 12], 
  [4, 16, 16, 16, 16, 16, 16, 16, 16, 16, 16, 16, 16, 16], 
  [4, 4, 16, 16, 16, 16, 16, 16, 16, 16, 16, 16, 16, 16], 
  [13, 13, 13, 24, 24, 24, 24, 24, 24, 24, 24, 24, 24, 24], 
  [17, 17, 17, 13, 28, 28, 28, 28, 28, 28, 28, 28, 28, 28], 
  [21, 21, 21, 17, 4, 32, 32, 32, 32, 32, 32, 32, 32, 32], 
  [9, 9, 9, 9, 9, 9, 15, 15, 15, 15, 15, 15, 15, 15], 
  [12, 12, 12, 12, 12, 12, 3, 18, 18, 18, 18, 18, 18, 18], 
  [14, 14, 14, 14, 14, 14, 5, 5, 20, 20, 20, 20, 20, 20], 
  [13, 13, 13, 13, 13, 13, 8, 8, 8, 19, 19, 19, 19, 19], 
  [15, 15, 15, 15, 15, 15, 10, 10, 10, 4, 21, 21, 21, 21], 
  [17, 17, 17, 17, 17, 17, 15, 15, 15, 15, 15, 23, 23, 23], 
  [19, 19, 19, 19, 19, 19, 17, 17, 17, 17, 17, 5, 25, 25]
  ]
}
