{
  "name": "h=06_t=013_s=025_m=07__3QMV.json",
  "height": 6,
  "symbol_weight_bound": 7,
  "symbol_count": 25,
  "common_symbols": [0],
  "symbol_weights": [7, 5, 5, 5, 1, 2, 4, 3, 7, 4, 2, 2, 3, 1, 4, 5, 6, 1, 5, 4, 3, 1, 4, 5, 4],
  "cost_mean": 10.153846153846153,
  "cost_standard_deviation": 5.791094104000237,
  "tiles": [
    [0, 1, 3],
    [0, 1, 3, 8],
    [0, 1, 3, 8, 14],
    [0, 1, 4],
    [0, 1, 4, 9, 16, 23],
    [0, 1, 4, 9, 16, 24],
    [0, 1, 4, 15],
    [0, 1, 4, 15, 22],
    [0, 2, 6, 12, 20],
    [0, 2, 7, 13, 21],
    [0, 5, 10, 17],
    [0, 5, 10, 18],
    [0, 11, 19]
  ],
  "costs": [
    [17, 17, 17, 17, 17, 17, 17, 17, 17, 17, 17, 17, 17, 17],
    [7, 24, 24, 24, 24, 24, 24, 24, 24, 24, 24, 24, 24, 24],
    [11, 4, 28, 28, 28, 28, 28, 28, 28, 28, 28, 28, 28, 28],
    [1, 1, 1, 13, 13, 13, 13, 13, 13, 13, 13, 13, 13, 13],
    [16, 16, 16, 15, 28, 28, 28, 28, 28, 28, 28, 28, 28, 28],
    [15, 15, 15, 14, 4, 27, 27, 27, 27, 27, 27, 27, 27, 27],
    [6, 6, 6, 5, 5, 5, 18, 18, 18, 18, 18, 18, 18, 18],
    [10, 10, 10, 9, 9, 9, 4, 22, 22, 22, 22, 22, 22, 22],
    [15, 15, 15, 15, 15, 15, 15, 15, 22, 22, 22, 22, 22, 22],
    [10, 10, 10, 10, 10, 10, 10, 10, 5, 17, 17, 17, 17, 17],
    [5, 5, 5, 5, 5, 5, 5, 5, 5, 5, 12, 12, 12, 12],
    [9, 9, 9, 9, 9, 9, 9, 9, 9, 9, 5, 16, 16, 16],
    [6, 6, 6, 6, 6, 6, 6, 6, 6, 6, 6, 6, 13, 13]
  ]
}
