{
  "name": "h=07_t=030_s=067_m=08__32FA.json",
  "height": 7,
  "symbol_weight_bound": 8,
  "symbol_count": 67,
  "common_symbols": [0, 1],
  "symbol_weights": [8, 4, 7, 2, 4, 5, 1, 8, 5, 6, 2, 8, 2, 4, 4, 6, 7, 3, 3, 4, 4, 1, 6, 5, 3, 6, 5, 5, 5, 2, 3, 7, 1, 5, 3, 3, 4, 3, 6, 4, 7, 8, 3, 5, 7, 7, 8, 2, 2, 7, 5, 6, 8, 8, 6, 1, 2, 8, 6, 2, 7, 4, 7, 4, 8, 5, 6],
  "cost_mean": 20.473118279569892,
  "cost_standard_deviation": 7.887094941765222,
  "tiles": [
    [0, 1, 2, 6, 13, 26, 45],
    [0, 1, 2, 6, 13, 26, 46],
    [0, 1, 2, 6, 13, 27, 47],
    [0, 1, 2, 6, 14, 28],
    [0, 1, 2, 7, 15, 48],
    [0, 1, 2, 7, 15, 49],
    [0, 1, 2, 7, 15, 50],
    [0, 1, 2, 7, 16, 51],
    [0, 1, 2, 8, 17],
    [0, 1, 2, 8, 29, 52],
    [0, 1, 2, 8, 30],
    [0, 1, 2, 9, 18, 31, 53],
    [0, 1, 2, 9, 18, 32, 54],
    [0, 1, 2, 9, 19, 33],
    [0, 1, 2, 9, 19, 34, 55],
    [0, 1, 3, 4, 10, 20, 35],
    [0, 1, 3, 4, 10, 20, 36],
    [0, 1, 3, 4, 10, 21],
    [0, 1, 3, 4, 11, 22, 37, 56],
    [0, 1, 3, 4, 11, 22, 37, 57],
    [0, 1, 3, 4, 11, 22, 38, 58],
    [0, 1, 3, 4, 11, 22, 38, 59],
    [0, 1, 3, 5, 12, 24, 42, 63],
    [0, 1, 3, 5, 12, 25, 43, 64],
    [0, 1, 3, 5, 12, 25, 43, 65],
    [0, 1, 3, 5, 12, 25, 44],
    [0, 1, 3, 5, 12, 25, 44, 66],
    [0, 1, 3, 5, 23, 39, 60],
    [0, 1, 3, 5, 40, 61],
    [0, 1, 3, 5, 41, 62]
  ],
  "costs": [
    [36, 36, 36, 36, 36, 36, 36, 36, 36, 36, 36, 36, 36, 36, 36, 36, 36, 36, 36, 36, 36, 36, 36, 36, 36, 36, 36, 36, 36, 36, 36],
    [8, 37, 37, 37, 37, 37, 37, 37, 37, 37, 37, 37, 37, 37, 37, 37, 37, 37, 37, 37, 37, 37, 37, 37, 37, 37, 37, 37, 37, 37, 37],
    [7, 7, 31, 31, 31, 31, 31, 31, 31, 31, 31, 31, 31, 31, 31, 31, 31, 31, 31, 31, 31, 31, 31, 31, 31, 31, 31, 31, 31, 31, 31],
    [9, 9, 9, 29, 29, 29, 29, 29, 29, 29, 29, 29, 29, 29, 29, 29, 29, 29, 29, 29, 29, 29, 29, 29, 29, 29, 29, 29, 29, 29, 29],
    [16, 16, 16, 16, 35, 35, 35, 35, 35, 35, 35, 35, 35, 35, 35, 35, 35, 35, 35, 35, 35, 35, 35, 35, 35, 35, 35, 35, 35, 35, 35],
    [21, 21, 21, 21, 7, 40, 40, 40, 40, 40, 40, 40, 40, 40, 40, 40, 40, 40, 40, 40, 40, 40, 40, 40, 40, 40, 40, 40, 40, 40, 40],
    [19, 19, 19, 19, 5, 5, 38, 38, 38, 38, 38, 38, 38, 38, 38, 38, 38, 38, 38, 38, 38, 38, 38, 38, 38, 38, 38, 38, 38, 38, 38],
    [21, 21, 21, 21, 13, 13, 13, 40, 40, 40, 40, 40, 40, 40, 40, 40, 40, 40, 40, 40, 40, 40, 40, 40, 40, 40, 40, 40, 40, 40, 40],
    [8, 8, 8, 8, 8, 8, 8, 8, 27, 27, 27, 27, 27, 27, 27, 27, 27, 27, 27, 27, 27, 27, 27, 27, 27, 27, 27, 27, 27, 27, 27],
    [15, 15, 15, 15, 15, 15, 15, 15, 10, 34, 34, 34, 34, 34, 34, 34, 34, 34, 34, 34, 34, 34, 34, 34, 34, 34, 34, 34, 34, 34, 34],
    [8, 8, 8, 8, 8, 8, 8, 8, 3, 3, 27, 27, 27, 27, 27, 27, 27, 27, 27, 27, 27, 27, 27, 27, 27, 27, 27, 27, 27, 27, 27],
    [24, 24, 24, 24, 24, 24, 24, 24, 24, 24, 24, 43, 43, 43, 43, 43, 43, 43, 43, 43, 43, 43, 43, 43, 43, 43, 43, 43, 43, 43, 43],
    [16, 16, 16, 16, 16, 16, 16, 16, 16, 16, 16, 7, 35, 35, 35, 35, 35, 35, 35, 35, 35, 35, 35, 35, 35, 35, 35, 35, 35, 35, 35],
    [15, 15, 15, 15, 15, 15, 15, 15, 15, 15, 15, 9, 9, 34, 34, 34, 34, 34, 34, 34, 34, 34, 34, 34, 34, 34, 34, 34, 34, 34, 34],
    [14, 14, 14, 14, 14, 14, 14, 14, 14, 14, 14, 8, 8, 4, 33, 33, 33, 33, 33, 33, 33, 33, 33, 33, 33, 33, 33, 33, 33, 33, 33],
    [15, 15, 15, 15, 15, 15, 15, 15, 15, 15, 15, 15, 15, 15, 15, 27, 27, 27, 27, 27, 27, 27, 27, 27, 27, 27, 27, 27, 27, 27, 27],
    [16, 16, 16, 16, 16, 16, 16, 16, 16, 16, 16, 16, 16, 16, 16, 4, 28, 28, 28, 28, 28, 28, 28, 28, 28, 28, 28, 28, 28, 28, 28],
    [9, 9, 9, 9, 9, 9, 9, 9, 9, 9, 9, 9, 9, 9, 9, 1, 1, 21, 21, 21, 21, 21, 21, 21, 21, 21, 21, 21, 21, 21, 21],
    [25, 25, 25, 25, 25, 25, 25, 25, 25, 25, 25, 25, 25, 25, 25, 19, 19, 19, 37, 37, 37, 37, 37, 37, 37, 37, 37, 37, 37, 37, 37],
    [31, 31, 31, 31, 31, 31, 31, 31, 31, 31, 31, 31, 31, 31, 31, 25, 25, 25, 8, 43, 43, 43, 43, 43, 43, 43, 43, 43, 43, 43, 43],
    [32, 32, 32, 32, 32, 32, 32, 32, 32, 32, 32, 32, 32, 32, 32, 26, 26, 26, 12, 12, 44, 44, 44, 44, 44, 44, 44, 44, 44, 44, 44],
    [28, 28, 28, 28, 28, 28, 28, 28, 28, 28, 28, 28, 28, 28, 28, 22, 22, 22, 8, 8, 2, 40, 40, 40, 40, 40, 40, 40, 40, 40, 40],
    [19, 19, 19, 19, 19, 19, 19, 19, 19, 19, 19, 19, 19, 19, 19, 17, 17, 17, 17, 17, 17, 17, 31, 31, 31, 31, 31, 31, 31, 31, 31],
    [28, 28, 28, 28, 28, 28, 28, 28, 28, 28, 28, 28, 28, 28, 28, 26, 26, 26, 26, 26, 26, 26, 19, 40, 40, 40, 40, 40, 40, 40, 40],
    [25, 25, 25, 25, 25, 25, 25, 25, 25, 25, 25, 25, 25, 25, 25, 23, 23, 23, 23, 23, 23, 23, 16, 5, 37, 37, 37, 37, 37, 37, 37],
    [22, 22, 22, 22, 22, 22, 22, 22, 22, 22, 22, 22, 22, 22, 22, 20, 20, 20, 20, 20, 20, 20, 13, 7, 7, 34, 34, 34, 34, 34, 34],
    [28, 28, 28, 28, 28, 28, 28, 28, 28, 28, 28, 28, 28, 28, 28, 26, 26, 26, 26, 26, 26, 26, 19, 13, 13, 6, 40, 40, 40, 40, 40],
    [23, 23, 23, 23, 23, 23, 23, 23, 23, 23, 23, 23, 23, 23, 23, 21, 21, 21, 21, 21, 21, 21, 16, 16, 16, 16, 16, 35, 35, 35, 35],
    [18, 18, 18, 18, 18, 18, 18, 18, 18, 18, 18, 18, 18, 18, 18, 16, 16, 16, 16, 16, 16, 16, 11, 11, 11, 11, 11, 11, 30, 30, 30],
    [22, 22, 22, 22, 22, 22, 22, 22, 22, 22, 22, 22, 22, 22, 22, 20, 20, 20, 20, 20, 20, 20, 15, 15, 15, 15, 15, 15, 15, 34, 34]
  ]
}
