{
  "name": "h=07_t=014_s=041_m=05__69H9.json",
  "height": 7,
  "symbol_weight_bound": 5,
  "symbol_count": 41,
  "common_symbols": [0],
  "symbol_weights": [2, 3, 4, 3, 3, 4, 5, 1, 2, 4, 2, 4, 4, 5, 3, 1, 5, 2, 1, 3, 5, 4, 2, 5, 5, 1, 2, 2, 2, 1, 2, 1, 4, 1, 3, 2, 3, 3, 4, 5, 4],
  "cost_mean": 12.447619047619048,
  "cost_standard_deviation": 4.828449326905516,
  "tiles": [
    [0, 1, 3, 6, 13, 19, 29],
    [0, 1, 3, 6, 13, 19, 30],
    [0, 1, 3, 7, 14, 21, 32],
    [0, 1, 3, 7, 20, 31],
    [0, 1, 4, 8, 22, 33],
    [0, 1, 4, 9, 15, 34],
    [0, 2, 5, 12, 18, 27],
    [0, 2, 5, 12, 18, 28, 40],
    [0, 2, 5, 17, 26, 39],
    [0, 2, 10, 35],
    [0, 2, 10, 36],
    [0, 2, 11, 16, 23],
    [0, 2, 11, 24, 37],
    [0, 2, 11, 25, 38]
  ],
  "costs": [
    [22, 22, 22, 22, 22, 22, 22, 22, 22, 22, 22, 22, 22, 22, 22],
    [2, 23, 23, 23, 23, 23, 23, 23, 23, 23, 23, 23, 23, 23, 23],
    [12, 12, 20, 20, 20, 20, 20, 20, 20, 20, 20, 20, 20, 20, 20],
    [7, 7, 6, 15, 15, 15, 15, 15, 15, 15, 15, 15, 15, 15, 15],
    [8, 8, 8, 8, 13, 13, 13, 13, 13, 13, 13, 13, 13, 13, 13],
    [11, 11, 11, 11, 8, 16, 16, 16, 16, 16, 16, 16, 16, 16, 16],
    [15, 15, 15, 15, 15, 15, 17, 17, 17, 17, 17, 17, 17, 17, 17],
    [19, 19, 19, 19, 19, 19, 6, 21, 21, 21, 21, 21, 21, 21, 21],
    [17, 17, 17, 17, 17, 17, 9, 9, 19, 19, 19, 19, 19, 19, 19],
    [8, 8, 8, 8, 8, 8, 4, 4, 4, 10, 10, 10, 10, 10, 10],
    [9, 9, 9, 9, 9, 9, 5, 5, 5, 3, 11, 11, 11, 11, 11],
    [18, 18, 18, 18, 18, 18, 14, 14, 14, 14, 14, 20, 20, 20, 20],
    [16, 16, 16, 16, 16, 16, 12, 12, 12, 12, 12, 8, 18, 18, 18],
    [13, 13, 13, 13, 13, 13, 9, 9, 9, 9, 9, 5, 5, 15, 15]
  ]
}
