{
  "name": "h=08_t=059_s=125_m=04__34B6.json",
  "height": 8,
  "symbol_weight_bound": 4,
  "symbol_count": 125,
  "common_symbols": [],
  "symbol_weights": [4, 4, 2, 1, 1, 1, 3, 3, 3, 3, 2, 2, 4, 4, 1, 3, 2, 4, 1, 1, 3, 3, 1, 3, 3, 4, 4, 4, 2, 3, 4, 4, 1, 4, 1, 3, 1, 4, 2, 2, 3, 4, 3, 1, 3, 2, 3, 1, 4, 3, 1, 2, 4, 3, 3, 2, 3, 2, 2, 4, 2, 2, 2, 3, 2, 2, 2, 2, 3, 2, 1, 1, 1, 4, 1, 1, 4, 3, 3, 4, 3, 4, 2, 3, 4, 2, 2, 1, 4, 4, 1, 3, 4, 2, 4, 1, 4, 3, 1, 1, 2, 4, 1, 3, 3, 3, 2, 3, 2, 3, 4, 3, 3, 2, 4, 4, 2, 4, 3, 3, 4, 3, 4, 2, 2],
  "cost_mean": 10.370621468926554,
  "cost_standard_deviation": 3.8259353065242196,
  "tiles": [
    [0, 3, 7, 14, 31, 61, 102],
    [0, 3, 7, 14, 31, 62, 103],
    [0, 3, 7, 14, 32, 63, 104],
    [0, 3, 7, 14, 32, 64],
    [0, 3, 7, 14, 32, 64, 105],
    [0, 3, 7, 15, 33, 109],
    [0, 3, 7, 15, 65, 106],
    [0, 3, 7, 15, 65, 107],
    [0, 3, 7, 15, 66, 108],
    [0, 3, 8, 16, 34],
    [0, 3, 8, 16, 67, 110],
    [0, 3, 8, 17, 35, 68, 111],
    [0, 3, 8, 17, 35, 69],
    [0, 3, 8, 17, 35, 69, 112],
    [0, 3, 8, 17, 36, 70],
    [0, 4, 9, 20, 40, 75],
    [0, 4, 9, 20, 74],
    [0, 4, 9, 21, 41, 78, 123],
    [0, 4, 9, 21, 41, 79, 124],
    [0, 4, 9, 21, 76, 119],
    [0, 4, 9, 21, 76, 120],
    [0, 4, 9, 21, 77, 121],
    [0, 4, 9, 21, 77, 122],
    [0, 4, 18, 37, 113],
    [0, 4, 18, 71, 115],
    [0, 4, 18, 114],
    [0, 4, 19, 38, 72, 116],
    [0, 4, 19, 38, 117],
    [0, 4, 19, 39, 73],
    [0, 4, 19, 39, 73, 118],
    [1, 10, 24, 44, 81],
    [1, 10, 24, 44, 82],
    [1, 10, 24, 45, 83],
    [1, 11, 25, 46, 85],
    [1, 11, 25, 84],
    [1, 11, 26, 47, 86],
    [1, 11, 26, 87],
    [1, 12, 27, 49, 89],
    [1, 12, 48],
    [1, 12, 48, 88],
    [1, 22, 42],
    [1, 22, 42, 80],
    [1, 23, 43],
    [2, 5, 13, 29, 54, 95],
    [2, 5, 13, 29, 55],
    [2, 5, 13, 29, 55, 96],
    [2, 5, 13, 52, 93],
    [2, 5, 13, 53, 94],
    [2, 5, 28, 50, 92],
    [2, 5, 28, 90],
    [2, 5, 28, 91],
    [2, 5, 51],
    [2, 6, 30, 101],
    [2, 6, 56],
    [2, 6, 57],
    [2, 6, 57, 97],
    [2, 6, 58, 98],
    [2, 6, 59, 99],
    [2, 6, 60, 100]
  ],
  "costs": [
    [16, 16, 16, 16, 16, 16, 16, 16, 16, 16, 16, 16, 16, 16, 16, 16, 16, 16, 16, 16, 16, 16, 16, 16, 16, 16, 16, 16, 16, 16, 16, 16, 16, 16, 16, 16, 16, 16, 16, 16, 16, 16, 16, 16, 16, 16, 16, 16, 16, 16, 16, 16, 16, 16, 16, 16, 16, 16, 16, 16],
    [5, 18, 18, 18, 18, 18, 18, 18, 18, 18, 18, 18, 18, 18, 18, 18, 18, 18, 18, 18, 18, 18, 18, 18, 18, 18, 18, 18, 18, 18, 18, 18, 18, 18, 18, 18, 18, 18, 18, 18, 18, 18, 18, 18, 18, 18, 18, 18, 18, 18, 18, 18, 18, 18, 18, 18, 18, 18, 18, 18],
    [7, 7, 16, 16, 16, 16, 16, 16, 16, 16, 16, 16, 16, 16, 16, 16, 16, 16, 16, 16, 16, 16, 16, 16, 16, 16, 16, 16, 16, 16, 16, 16, 16, 16, 16, 16, 16, 16, 16, 16, 16, 16, 16, 16, 16, 16, 16, 16, 16, 16, 16, 16, 16, 16, 16, 16, 16, 16, 16, 16],
    [3, 3, 2, 12, 12, 12, 12, 12, 12, 12, 12, 12, 12, 12, 12, 12, 12, 12, 12, 12, 12, 12, 12, 12, 12, 12, 12, 12, 12, 12, 12, 12, 12, 12, 12, 12, 12, 12, 12, 12, 12, 12, 12, 12, 12, 12, 12, 12, 12, 12, 12, 12, 12, 12, 12, 12, 12, 12, 12, 12],
    [6, 6, 5, 3, 15, 15, 15, 15, 15, 15, 15, 15, 15, 15, 15, 15, 15, 15, 15, 15, 15, 15, 15, 15, 15, 15, 15, 15, 15, 15, 15, 15, 15, 15, 15, 15, 15, 15, 15, 15, 15, 15, 15, 15, 15, 15, 15, 15, 15, 15, 15, 15, 15, 15, 15, 15, 15, 15, 15, 15],
    [10, 10, 10, 10, 10, 18, 18, 18, 18, 18, 18, 18, 18, 18, 18, 18, 18, 18, 18, 18, 18, 18, 18, 18, 18, 18, 18, 18, 18, 18, 18, 18, 18, 18, 18, 18, 18, 18, 18, 18, 18, 18, 18, 18, 18, 18, 18, 18, 18, 18, 18, 18, 18, 18, 18, 18, 18, 18, 18, 18],
    [7, 7, 7, 7, 7, 4, 15, 15, 15, 15, 15, 15, 15, 15, 15, 15, 15, 15, 15, 15, 15, 15, 15, 15, 15, 15, 15, 15, 15, 15, 15, 15, 15, 15, 15, 15, 15, 15, 15, 15, 15, 15, 15, 15, 15, 15, 15, 15, 15, 15, 15, 15, 15, 15, 15, 15, 15, 15, 15, 15],
    [8, 8, 8, 8, 8, 5, 3, 16, 16, 16, 16, 16, 16, 16, 16, 16, 16, 16, 16, 16, 16, 16, 16, 16, 16, 16, 16, 16, 16, 16, 16, 16, 16, 16, 16, 16, 16, 16, 16, 16, 16, 16, 16, 16, 16, 16, 16, 16, 16, 16, 16, 16, 16, 16, 16, 16, 16, 16, 16, 16],
    [7, 7, 7, 7, 7, 4, 4, 4, 15, 15, 15, 15, 15, 15, 15, 15, 15, 15, 15, 15, 15, 15, 15, 15, 15, 15, 15, 15, 15, 15, 15, 15, 15, 15, 15, 15, 15, 15, 15, 15, 15, 15, 15, 15, 15, 15, 15, 15, 15, 15, 15, 15, 15, 15, 15, 15, 15, 15, 15, 15],
    [6, 6, 6, 6, 6, 6, 6, 6, 6, 11, 11, 11, 11, 11, 11, 11, 11, 11, 11, 11, 11, 11, 11, 11, 11, 11, 11, 11, 11, 11, 11, 11, 11, 11, 11, 11, 11, 11, 11, 11, 11, 11, 11, 11, 11, 11, 11, 11, 11, 11, 11, 11, 11, 11, 11, 11, 11, 11, 11, 11],
    [11, 11, 11, 11, 11, 11, 11, 11, 11, 6, 16, 16, 16, 16, 16, 16, 16, 16, 16, 16, 16, 16, 16, 16, 16, 16, 16, 16, 16, 16, 16, 16, 16, 16, 16, 16, 16, 16, 16, 16, 16, 16, 16, 16, 16, 16, 16, 16, 16, 16, 16, 16, 16, 16, 16, 16, 16, 16, 16, 16],
    [16, 16, 16, 16, 16, 16, 16, 16, 16, 13, 13, 21, 21, 21, 21, 21, 21, 21, 21, 21, 21, 21, 21, 21, 21, 21, 21, 21, 21, 21, 21, 21, 21, 21, 21, 21, 21, 21, 21, 21, 21, 21, 21, 21, 21, 21, 21, 21, 21, 21, 21, 21, 21, 21, 21, 21, 21, 21, 21, 21],
    [12, 12, 12, 12, 12, 12, 12, 12, 12, 9, 9, 2, 17, 17, 17, 17, 17, 17, 17, 17, 17, 17, 17, 17, 17, 17, 17, 17, 17, 17, 17, 17, 17, 17, 17, 17, 17, 17, 17, 17, 17, 17, 17, 17, 17, 17, 17, 17, 17, 17, 17, 17, 17, 17, 17, 17, 17, 17, 17, 17],
    [15, 15, 15, 15, 15, 15, 15, 15, 15, 12, 12, 5, 3, 20, 20, 20, 20, 20, 20, 20, 20, 20, 20, 20, 20, 20, 20, 20, 20, 20, 20, 20, 20, 20, 20, 20, 20, 20, 20, 20, 20, 20, 20, 20, 20, 20, 20, 20, 20, 20, 20, 20, 20, 20, 20, 20, 20, 20, 20, 20],
    [9, 9, 9, 9, 9, 9, 9, 9, 9, 6, 6, 2, 2, 2, 14, 14, 14, 14, 14, 14, 14, 14, 14, 14, 14, 14, 14, 14, 14, 14, 14, 14, 14, 14, 14, 14, 14, 14, 14, 14, 14, 14, 14, 14, 14, 14, 14, 14, 14, 14, 14, 14, 14, 14, 14, 14, 14, 14, 14, 14],
    [11, 11, 11, 11, 11, 11, 11, 11, 11, 11, 11, 11, 11, 11, 11, 15, 15, 15, 15, 15, 15, 15, 15, 15, 15, 15, 15, 15, 15, 15, 15, 15, 15, 15, 15, 15, 15, 15, 15, 15, 15, 15, 15, 15, 15, 15, 15, 15, 15, 15, 15, 15, 15, 15, 15, 15, 15, 15, 15, 15],
    [8, 8, 8, 8, 8, 8, 8, 8, 8, 8, 8, 8, 8, 8, 8, 1, 12, 12, 12, 12, 12, 12, 12, 12, 12, 12, 12, 12, 12, 12, 12, 12, 12, 12, 12, 12, 12, 12, 12, 12, 12, 12, 12, 12, 12, 12, 12, 12, 12, 12, 12, 12, 12, 12, 12, 12, 12, 12, 12, 12],
    [16, 16, 16, 16, 16, 16, 16, 16, 16, 16, 16, 16, 16, 16, 16, 12, 12, 20, 20, 20, 20, 20, 20, 20, 20, 20, 20, 20, 20, 20, 20, 20, 20, 20, 20, 20, 20, 20, 20, 20, 20, 20, 20, 20, 20, 20, 20, 20, 20, 20, 20, 20, 20, 20, 20, 20, 20, 20, 20, 20],
    [17, 17, 17, 17, 17, 17, 17, 17, 17, 17, 17, 17, 17, 17, 17, 13, 13, 6, 21, 21, 21, 21, 21, 21, 21, 21, 21, 21, 21, 21, 21, 21, 21, 21, 21, 21, 21, 21, 21, 21, 21, 21, 21, 21, 21, 21, 21, 21, 21, 21, 21, 21, 21, 21, 21, 21, 21, 21, 21, 21],
    [14, 14, 14, 14, 14, 14, 14, 14, 14, 14, 14, 14, 14, 14, 14, 10, 10, 7, 7, 18, 18, 18, 18, 18, 18, 18, 18, 18, 18, 18, 18, 18, 18, 18, 18, 18, 18, 18, 18, 18, 18, 18, 18, 18, 18, 18, 18, 18, 18, 18, 18, 18, 18, 18, 18, 18, 18, 18, 18, 18],
    [15, 15, 15, 15, 15, 15, 15, 15, 15, 15, 15, 15, 15, 15, 15, 11, 11, 8, 8, 4, 19, 19, 19, 19, 19, 19, 19, 19, 19, 19, 19, 19, 19, 19, 19, 19, 19, 19, 19, 19, 19, 19, 19, 19, 19, 19, 19, 19, 19, 19, 19, 19, 19, 19, 19, 19, 19, 19, 19, 19],
    [13, 13, 13, 13, 13, 13, 13, 13, 13, 13, 13, 13, 13, 13, 13, 9, 9, 6, 6, 6, 6, 17, 17, 17, 17, 17, 17, 17, 17, 17, 17, 17, 17, 17, 17, 17, 17, 17, 17, 17, 17, 17, 17, 17, 17, 17, 17, 17, 17, 17, 17, 17, 17, 17, 17, 17, 17, 17, 17, 17],
    [14, 14, 14, 14, 14, 14, 14, 14, 14, 14, 14, 14, 14, 14, 14, 10, 10, 7, 7, 7, 7, 4, 18, 18, 18, 18, 18, 18, 18, 18, 18, 18, 18, 18, 18, 18, 18, 18, 18, 18, 18, 18, 18, 18, 18, 18, 18, 18, 18, 18, 18, 18, 18, 18, 18, 18, 18, 18, 18, 18],
    [8, 8, 8, 8, 8, 8, 8, 8, 8, 8, 8, 8, 8, 8, 8, 7, 7, 7, 7, 7, 7, 7, 7, 12, 12, 12, 12, 12, 12, 12, 12, 12, 12, 12, 12, 12, 12, 12, 12, 12, 12, 12, 12, 12, 12, 12, 12, 12, 12, 12, 12, 12, 12, 12, 12, 12, 12, 12, 12, 12],
