{
  "name": "h=09_t=061_s=184_m=05__37JB.json",
  "height": 9,
  "symbol_weight_bound": 5,
  "symbol_count": 184,
  "common_symbols": [0],
  "symbol_weights": [2, 3, 3, 5, 2, 4, 3, 2, 4, 3, 3, 4, 5, 2, 3, 4, 3, 4, 3, 1, 5, 2, 5, 5, 2, 5, 1, 4, 2, 4, 3, 1, 4, 4, 2, 3, 2, 3, 2, 4, 4, 1, 4, 5, 4, 5, 4, 5, 5, 4, 5, 1, 3, 5, 5, 1, 1, 2, 3, 2, 5, 1, 5, 4, 3, 4, 1, 1, 1, 3, 2, 5, 5, 5, 5, 5, 2, 4, 3, 4, 4, 5, 5, 2, 3, 1, 4, 1, 3, 4, 1, 1, 2, 3, 3, 3, 4, 2, 5, 4, 3, 4, 1, 4, 4, 3, 1, 3, 1, 1, 1, 3, 1, 2, 2, 5, 2, 5, 2, 3, 5, 4, 4, 2, 4, 2, 2, 4, 4, 1, 5, 2, 4, 5, 4, 4, 1, 2, 2, 3, 1, 5, 1, 5, 2, 3, 3, 2, 4, 1, 3, 4, 5, 3, 5, 4, 5, 4, 5, 1, 3, 3, 4, 5, 2, 3, 5, 5, 1, 2, 3, 1, 2, 3, 1, 2, 3, 2, 5, 4, 4, 5, 2, 5],
  "cost_mean": 20.666314119513483,
  "cost_standard_deviation": 6.042352032995657,
  "tiles": [
    [0, 1, 3, 7, 15, 29],
    [0, 1, 3, 7, 15, 29, 89, 132],
    [0, 1, 3, 7, 15, 29, 133],
    [0, 1, 3, 7, 15, 90, 134],
    [0, 1, 3, 7, 15, 90, 135],
    [0, 1, 3, 7, 28, 54, 86, 131],
    [0, 1, 3, 7, 28, 54, 87],
    [0, 1, 3, 7, 28, 55, 88],
    [0, 1, 3, 8, 16, 30, 56, 91, 136],
    [0, 1, 3, 8, 16, 30, 56, 137],
    [0, 1, 3, 8, 16, 30, 57],
    [0, 1, 3, 8, 16, 30, 57, 138],
    [0, 1, 3, 8, 16, 31, 58, 92, 139],
    [0, 1, 3, 8, 16, 31, 59, 93, 140],
    [0, 1, 3, 8, 32, 60, 94, 141],
    [0, 1, 4, 9, 17, 33, 95, 142],
    [0, 1, 4, 9, 17, 33, 95, 143],
    [0, 1, 4, 9, 17, 34, 61, 144],
    [0, 1, 4, 9, 17, 34, 62, 96, 145],
    [0, 1, 4, 9, 17, 34, 62, 97, 146],
    [0, 1, 4, 9, 18, 35, 63, 98, 147],
    [0, 1, 4, 9, 18, 35, 63, 99, 148],
    [0, 1, 4, 9, 18, 36, 64, 100, 149],
    [0, 1, 4, 9, 18, 36, 65, 150],
    [0, 1, 4, 10, 19, 37],
    [0, 1, 4, 10, 19, 37, 66, 103, 155],
    [0, 1, 4, 10, 19, 37, 154],
    [0, 1, 4, 10, 19, 101, 151],
    [0, 1, 4, 10, 19, 102, 152],
    [0, 1, 4, 10, 19, 102, 153],
    [0, 1, 4, 10, 20, 38, 67, 104, 156],
    [0, 1, 4, 10, 20, 38, 67, 105, 157],
    [0, 1, 4, 10, 20, 39, 68, 106, 158],
    [0, 2, 5, 11, 21, 40, 69, 107, 159],
    [0, 2, 5, 11, 21, 40, 70, 108, 160],
    [0, 2, 5, 11, 21, 41, 71, 109, 161],
    [0, 2, 5, 11, 21, 41, 71, 110],
    [0, 2, 5, 11, 21, 41, 71, 110, 162],
    [0, 2, 5, 11, 22, 42, 111, 163],
    [0, 2, 5, 11, 22, 43, 112, 164],
    [0, 2, 5, 11, 22, 43, 112, 165],
    [0, 2, 5, 12, 23, 44, 73, 114, 167],
    [0, 2, 5, 12, 23, 72, 113, 166],
    [0, 2, 5, 12, 45, 74, 115, 168],
    [0, 2, 5, 12, 46, 75, 116],
    [0, 2, 5, 12, 46, 76, 117],
    [0, 2, 6, 13, 24, 47, 77, 118, 169],
    [0, 2, 6, 13, 24, 47, 119, 170],
    [0, 2, 6, 13, 24, 48, 78, 120, 171],
    [0, 2, 6, 13, 24, 48, 79, 121, 172],
    [0, 2, 6, 13, 25, 49, 80, 122, 173],
    [0, 2, 6, 14, 26, 50, 81, 123, 174],
    [0, 2, 6, 14, 26, 51, 82, 125, 176],
    [0, 2, 6, 14, 26, 51, 124, 175],
    [0, 2, 6, 14, 27, 52, 83, 126, 177],
    [0, 2, 6, 14, 27, 52, 84, 127, 178],
    [0, 2, 6, 14, 27, 52, 84, 179],
    [0, 2, 6, 14, 27, 53, 85, 129, 181],
    [0, 2, 6, 14, 27, 53, 85, 130, 182],
    [0, 2, 6, 14, 27, 53, 85, 130, 183],
    [0, 2, 6, 14, 27, 53, 128, 180]
  ],
  "costs": [
    [20, 20, 20, 20, 20, 20, 20, 20, 20, 20, 20, 20, 20, 20, 20, 20, 20, 20, 20, 20, 20, 20, 20, 20, 20, 20, 20, 20, 20, 20, 20, 20, 20, 20, 20, 20, 20, 20, 20, 20, 20, 20, 20, 20, 20, 20, 20, 20, 20, 20, 20, 20, 20, 20, 20, 20, 20, 20, 20, 20, 20, 20],
    [8, 28, 28, 28, 28, 28, 28, 28, 28, 28, 28, 28, 28, 28, 28, 28, 28, 28, 28, 28, 28, 28, 28, 28, 28, 28, 28, 28, 28, 28, 28, 28, 28, 28, 28, 28, 28, 28, 28, 28, 28, 28, 28, 28, 28, 28, 28, 28, 28, 28, 28, 28, 28, 28, 28, 28, 28, 28, 28, 28, 28, 28],
    [5, 5, 25, 25, 25, 25, 25, 25, 25, 25, 25, 25, 25, 25, 25, 25, 25, 25, 25, 25, 25, 25, 25, 25, 25, 25, 25, 25, 25, 25, 25, 25, 25, 25, 25, 25, 25, 25, 25, 25, 25, 25, 25, 25, 25, 25, 25, 25, 25, 25, 25, 25, 25, 25, 25, 25, 25, 25, 25, 25, 25, 25],
    [5, 5, 5, 21, 21, 21, 21, 21, 21, 21, 21, 21, 21, 21, 21, 21, 21, 21, 21, 21, 21, 21, 21, 21, 21, 21, 21, 21, 21, 21, 21, 21, 21, 21, 21, 21, 21, 21, 21, 21, 21, 21, 21, 21, 21, 21, 21, 21, 21, 21, 21, 21, 21, 21, 21, 21, 21, 21, 21, 21, 21, 21],
    [5, 5, 5, 4, 21, 21, 21, 21, 21, 21, 21, 21, 21, 21, 21, 21, 21, 21, 21, 21, 21, 21, 21, 21, 21, 21, 21, 21, 21, 21, 21, 21, 21, 21, 21, 21, 21, 21, 21, 21, 21, 21, 21, 21, 21, 21, 21, 21, 21, 21, 21, 21, 21, 21, 21, 21, 21, 21, 21, 21, 21, 21],
    [13, 13, 13, 13, 13, 25, 25, 25, 25, 25, 25, 25, 25, 25, 25, 25, 25, 25, 25, 25, 25, 25, 25, 25, 25, 25, 25, 25, 25, 25, 25, 25, 25, 25, 25, 25, 25, 25, 25, 25, 25, 25, 25, 25, 25, 25, 25, 25, 25, 25, 25, 25, 25, 25, 25, 25, 25, 25, 25, 25, 25, 25],
    [8, 8, 8, 8, 8, 1, 20, 20, 20, 20, 20, 20, 20, 20, 20, 20, 20, 20, 20, 20, 20, 20, 20, 20, 20, 20, 20, 20, 20, 20, 20, 20, 20, 20, 20, 20, 20, 20, 20, 20, 20, 20, 20, 20, 20, 20, 20, 20, 20, 20, 20, 20, 20, 20, 20, 20, 20, 20, 20, 20, 20, 20],
    [6, 6, 6, 6, 6, 4, 4, 18, 18, 18, 18, 18, 18, 18, 18, 18, 18, 18, 18, 18, 18, 18, 18, 18, 18, 18, 18, 18, 18, 18, 18, 18, 18, 18, 18, 18, 18, 18, 18, 18, 18, 18, 18, 18, 18, 18, 18, 18, 18, 18, 18, 18, 18, 18, 18, 18, 18, 18, 18, 18, 18, 18],
    [13, 13, 13, 13, 13, 13, 13, 13, 23, 23, 23, 23, 23, 23, 23, 23, 23, 23, 23, 23, 23, 23, 23, 23, 23, 23, 23, 23, 23, 23, 23, 23, 23, 23, 23, 23, 23, 23, 23, 23, 23, 23, 23, 23, 23, 23, 23, 23, 23, 23, 23, 23, 23, 23, 23, 23, 23, 23, 23, 23, 23, 23],
    [13, 13, 13, 13, 13, 13, 13, 13, 2, 23, 23, 23, 23, 23, 23, 23, 23, 23, 23, 23, 23, 23, 23, 23, 23, 23, 23, 23, 23, 23, 23, 23, 23, 23, 23, 23, 23, 23, 23, 23, 23, 23, 23, 23, 23, 23, 23, 23, 23, 23, 23, 23, 23, 23, 23, 23, 23, 23, 23, 23, 23, 23],
    [12, 12, 12, 12, 12, 12, 12, 12, 2, 2, 22, 22, 22, 22, 22, 22, 22, 22, 22, 22, 22, 22, 22, 22, 22, 22, 22, 22, 22, 22, 22, 22, 22, 22, 22, 22, 22, 22, 22, 22, 22, 22, 22, 22, 22, 22, 22, 22, 22, 22, 22, 22, 22, 22, 22, 22, 22, 22, 22, 22, 22, 22],
    [14, 14, 14, 14, 14, 14, 14, 14, 4, 4, 2, 24, 24, 24, 24, 24, 24, 24, 24, 24, 24, 24, 24, 24, 24, 24, 24, 24, 24, 24, 24, 24, 24, 24, 24, 24, 24, 24, 24, 24, 24, 24, 24, 24, 24, 24, 24, 24, 24, 24, 24, 24, 24, 24, 24, 24, 24, 24, 24, 24, 24, 24],
    [16, 16, 16, 16, 16, 16, 16, 16, 9, 9, 9, 9, 26, 26, 26, 26, 26, 26, 26, 26, 26, 26, 26, 26, 26, 26, 26, 26, 26, 26, 26, 26, 26, 26, 26, 26, 26, 26, 26, 26, 26, 26, 26, 26, 26, 26, 26, 26, 26, 26, 26, 26, 26, 26, 26, 26, 26, 26, 26, 26, 26, 26],
    [14, 14, 14, 14, 14, 14, 14, 14, 7, 7, 7, 7, 6, 24, 24, 24, 24, 24, 24, 24, 24, 24, 24, 24, 24, 24, 24, 24, 24, 24, 24, 24, 24, 24, 24, 24, 24, 24, 24, 24, 24, 24, 24, 24, 24, 24, 24, 24, 24, 24, 24, 24, 24, 24, 24, 24, 24, 24, 24, 24, 24, 24],
    [21, 21, 21, 21, 21, 21, 21, 21, 17, 17, 17, 17, 17, 17, 31, 31, 31, 31, 31, 31, 31, 31, 31, 31, 31, 31, 31, 31, 31, 31, 31, 31, 31, 31, 31, 31, 31, 31, 31, 31, 31, 31, 31, 31, 31, 31, 31, 31, 31, 31, 31, 31, 31, 31, 31, 31, 31, 31, 31, 31, 31, 31],
    [17, 17, 17, 17, 17, 17, 17, 17, 17, 17, 17, 17, 17, 17, 17, 22, 22, 22, 22, 22, 22, 22, 22, 22, 22, 22, 22, 22, 22, 22, 22, 22, 22, 22, 22, 22, 22, 22, 22, 22, 22, 22, 22, 22, 22, 22, 22, 22, 22, 22, 22, 22, 22, 22, 22, 22, 22, 22, 22, 22, 22, 22],
    [21, 21, 21, 21, 21, 21, 21, 21, 21, 21, 21, 21, 21, 21, 21, 5, 26, 26, 26, 26, 26, 26, 26, 26, 26, 26, 26, 26, 26, 26, 26, 26, 26, 26, 26, 26, 26, 26, 26, 26, 26, 26, 26, 26, 26, 26, 26, 26, 26, 26, 26, 26, 26, 26, 26, 26, 26, 26, 26, 26, 26, 26],
    [14, 14, 14, 14, 14, 14, 14, 14, 14, 14, 14, 14, 14, 14, 14, 5, 5, 19, 19, 19, 19, 19, 19, 19, 19, 19, 19, 19, 19, 19, 19, 19, 19, 19, 19, 19, 19, 19, 19, 19, 19, 19, 19, 19, 19, 19, 19, 19, 19, 19, 19, 19, 19, 19, 19, 19, 19, 19, 19, 19, 19, 19],
    [23, 23, 23, 23, 23, 23, 23, 23, 23, 23, 23, 23, 23, 23, 23, 14, 14, 12, 28, 28, 28, 28, 28, 28, 28, 28, 28, 28, 28, 28, 28, 28, 28, 28, 28, 28, 28, 28, 28, 28, 28, 28, 28, 28, 28, 28, 28, 28, 28, 28, 28, 28, 28, 28, 28, 28, 28, 28, 28, 28, 28, 28],
