{
  "name": "h=06_t=007_s=022_m=07__3S34.json",
  "height": 6,
  "symbol_weight_bound": 7,
  "symbol_count": 22,
  "common_symbols": [0, 1],
  "symbol_weights": [1, 6, 3, 7, 4, 4, 2, 3, 5, 4, 4, 2, 6, 5, 6, 4, 1, 7, 5, 3, 7, 2],
  "cost_mean": 15.964285714285714,
  "cost_standard_deviation": 8.095334383180859,
  "tiles": [
    [0, 1, 2, 4, 8, 11],
    [0, 1, 2, 5, 9, 12, 17],
    [0, 1, 2, 5, 13, 18],
    [0, 1, 3, 6, 10, 14, 19],
    [0, 1, 3, 7, 15, 20],
    [0, 1, 3, 7, 16],
    [0, 1, 3, 7, 16, 21]
  ],
  "costs": [
  [21, 21, 21, 21, 21, 21, 21, 21], 
  [21, 31, 31, 31, 31, 31, 31, 31], 
  [14, 10, 24, 24, 24, 24, 24, 24], 
  [22, 22, 22, 29, 29, 29, 29, 29], 
  [21, 21, 21, 14, 28, 28, 28, 28], 
  [11, 11, 11, 4, 1, 18, 18, 18], 
  [13, 13, 13, 6, 3, 2, 20, 20]
  ]
}
