{
  "name": "h=06_t=023_s=049_m=05__1BH7.json",
  "height": 6,
  "symbol_weight_bound": 5,
  "symbol_count": 49,
  "common_symbols": [0, 1],
  "symbol_weights": [4, 4, 4, 2, 4, 1, 2, 5, 5, 3, 1, 4, 1, 5, 4, 1, 2, 4, 2, 1, 4, 3, 3, 5, 4, 1, 3, 5, 4, 3, 4, 5, 1, 5, 1, 2, 3, 2, 1, 4, 1, 1, 4, 2, 3, 1, 1, 3, 1],
  "cost_mean": 10.181159420289855,
  "cost_standard_deviation": 4.716968301790083,
  "tiles": [
    [0, 1, 2, 5, 11, 20, 37],
    [0, 1, 2, 5, 11, 20, 38],
    [0, 1, 2, 5, 11, 21, 39],
    [0, 1, 2, 5, 11, 21, 40],
    [0, 1, 2, 5, 12, 22, 41],
    [0, 1, 2, 5, 12, 22, 42],
    [0, 1, 2, 5, 12, 43],
    [0, 1, 2, 6, 13, 25, 46],
    [0, 1, 2, 6, 13, 26, 47],
    [0, 1, 2, 6, 13, 26, 48],
    [0, 1, 2, 6, 23, 44],
    [0, 1, 2, 6, 24],
    [0, 1, 2, 6, 24, 45],
    [0, 1, 3, 7, 14, 27],
    [0, 1, 3, 8, 15, 28],
    [0, 1, 3, 8, 16, 29],
    [0, 1, 4, 9, 17, 30],
    [0, 1, 4, 9, 31],
    [0, 1, 4, 9, 32],
    [0, 1, 4, 10, 18, 33],
    [0, 1, 4, 10, 18, 34],
    [0, 1, 4, 10, 19, 35],
    [0, 1, 4, 10, 19, 36]
  ],
  "costs": [
  [23, 23, 23, 23, 23, 23, 23, 23, 23, 23, 23, 23, 23, 23, 23, 23, 23, 23, 23, 23, 23, 23, 23, 23], 
  [1, 22, 22, 22, 22, 22, 22, 22, 22, 22, 22, 22, 22, 22, 22, 22, 22, 22, 22, 22, 22, 22, 22, 22], 
  [7, 7, 24, 24, 24, 24, 24, 24, 24, 24, 24, 24, 24, 24, 24, 24, 24, 24, 24, 24, 24, 24, 24, 24], 
  [4, 4, 1, 21, 21, 21, 21, 21, 21, 21, 21, 21, 21, 21, 21, 21, 21, 21, 21, 21, 21, 21, 21, 21], 
  [5, 5, 5, 5, 18, 18, 18, 18, 18, 18, 18, 18, 18, 18, 18, 18, 18, 18, 18, 18, 18, 18, 18, 18], 
  [8, 8, 8, 8, 4, 21, 21, 21, 21, 21, 21, 21, 21, 21, 21, 21, 21, 21, 21, 21, 21, 21, 21, 21], 
  [3, 3, 3, 3, 2, 2, 16, 16, 16, 16, 16, 16, 16, 16, 16, 16, 16, 16, 16, 16, 16, 16, 16, 16], 
  [9, 9, 9, 9, 9, 9, 9, 21, 21, 21, 21, 21, 21, 21, 21, 21, 21, 21, 21, 21, 21, 21, 21, 21], 
  [13, 13, 13, 13, 13, 13, 13, 6, 25, 25, 25, 25, 25, 25, 25, 25, 25, 25, 25, 25, 25, 25, 25, 25], 
  [11, 11, 11, 11, 11, 11, 11, 4, 1, 23, 23, 23, 23, 23, 23, 23, 23, 23, 23, 23, 23, 23, 23, 23], 
  [10, 10, 10, 10, 10, 10, 10, 8, 8, 8, 22, 22, 22, 22, 22, 22, 22, 22, 22, 22, 22, 22, 22, 22], 
  [6, 6, 6, 6, 6, 6, 6, 4, 4, 4, 4, 18, 18, 18, 18, 18, 18, 18, 18, 18, 18, 18, 18, 18], 
  [7, 7, 7, 7, 7, 7, 7, 5, 5, 5, 5, 1, 19, 19, 19, 19, 19, 19, 19, 19, 19, 19, 19, 19], 
  [16, 16, 16, 16, 16, 16, 16, 16, 16, 16, 16, 16, 16, 24, 24, 24, 24, 24, 24, 24, 24, 24, 24, 24], 
  [12, 12, 12, 12, 12, 12, 12, 12, 12, 12, 12, 12, 12, 10, 20, 20, 20, 20, 20, 20, 20, 20, 20, 20], 
  [12, 12, 12, 12, 12, 12, 12, 12, 12, 12, 12, 12, 12, 10, 5, 20, 20, 20, 20, 20, 20, 20, 20, 20], 
  [15, 15, 15, 15, 15, 15, 15, 15, 15, 15, 15, 15, 15, 15, 15, 15, 23, 23, 23, 23, 23, 23, 23, 23], 
  [12, 12, 12, 12, 12, 12, 12, 12, 12, 12, 12, 12, 12, 12, 12, 12, 5, 20, 20, 20, 20, 20, 20, 20], 
  [8, 8, 8, 8, 8, 8, 8, 8, 8, 8, 8, 8, 8, 8, 8, 8, 1, 1, 16, 16, 16, 16, 16, 16], 
  [12, 12, 12, 12, 12, 12, 12, 12, 12, 12, 12, 12, 12, 12, 12, 12, 8, 8, 8, 20, 20, 20, 20, 20], 
  [8, 8, 8, 8, 8, 8, 8, 8, 8, 8, 8, 8, 8, 8, 8, 8, 4, 4, 4, 1, 16, 16, 16, 16], 
  [8, 8, 8, 8, 8, 8, 8, 8, 8, 8, 8, 8, 8, 8, 8, 8, 4, 4, 4, 3, 3, 16, 16, 16], 
  [9, 9, 9, 9, 9, 9, 9, 9, 9, 9, 9, 9, 9, 9, 9, 9, 5, 5, 5, 4, 4, 3, 17, 17]
  ]
}
