{
  "name": "h=07_t=024_s=056_m=02__4SBO.json",
  "height": 7,
  "symbol_weight_bound": 2,
  "symbol_count": 56,
  "common_symbols": [0],
  "symbol_weights": [2, 1, 2, 2, 1, 1, 1, 2, 2, 1, 2, 2, 1, 2, 2, 1, 1, 1, 2, 1, 2, 2, 2, 2, 1, 1, 1, 2, 2, 1, 1, 1, 1, 1, 1, 2, 2, 1, 1, 2, 1, 2, 1, 2, 1, 2, 2, 1, 2, 2, 1, 2, 2, 1, 1, 1],
  "cost_mean": 6.263333333333334,
  "cost_standard_deviation": 2.566577920543661,
  "tiles": [
    [0, 1, 3, 7, 19],
    [0, 1, 3, 8, 12],
    [0, 1, 3, 8, 20, 36],
    [0, 1, 3, 8, 20, 37],
    [0, 1, 4, 9, 13, 21, 38],
    [0, 1, 4, 9, 13, 22, 39],
    [0, 1, 4, 9, 14, 23, 40],
    [0, 1, 4, 9, 14, 23, 41],
    [0, 1, 4, 15, 26, 44],
    [0, 1, 4, 24, 42],
    [0, 1, 4, 25, 43],
    [0, 2, 5, 10, 16, 30, 49],
    [0, 2, 5, 10, 16, 30, 50],
    [0, 2, 5, 10, 16, 47],
    [0, 2, 5, 10, 16, 48],
    [0, 2, 5, 10, 17, 31, 51],
    [0, 2, 5, 10, 17, 32],
    [0, 2, 5, 10, 17, 32, 52],
    [0, 2, 5, 27, 45],
    [0, 2, 5, 28, 46],
    [0, 2, 5, 29],
    [0, 2, 6, 11, 18, 33, 53],
    [0, 2, 6, 11, 18, 34, 54],
    [0, 2, 6, 35, 55]
  ],
  "costs": [
  [8, 8, 8, 8, 8, 8, 8, 8, 8, 8, 8, 8, 8, 8, 8, 8, 8, 8, 8, 8, 8, 8, 8, 8, 8], 
  [3, 8, 8, 8, 8, 8, 8, 8, 8, 8, 8, 8, 8, 8, 8, 8, 8, 8, 8, 8, 8, 8, 8, 8, 8], 
  [6, 4, 11, 11, 11, 11, 11, 11, 11, 11, 11, 11, 11, 11, 11, 11, 11, 11, 11, 11, 11, 11, 11, 11, 11], 
  [5, 3, 1, 10, 10, 10, 10, 10, 10, 10, 10, 10, 10, 10, 10, 10, 10, 10, 10, 10, 10, 10, 10, 10, 10], 
  [7, 7, 7, 7, 10, 10, 10, 10, 10, 10, 10, 10, 10, 10, 10, 10, 10, 10, 10, 10, 10, 10, 10, 10, 10], 
  [8, 8, 8, 8, 4, 11, 11, 11, 11, 11, 11, 11, 11, 11, 11, 11, 11, 11, 11, 11, 11, 11, 11, 11, 11], 
  [7, 7, 7, 7, 5, 5, 10, 10, 10, 10, 10, 10, 10, 10, 10, 10, 10, 10, 10, 10, 10, 10, 10, 10, 10], 
  [8, 8, 8, 8, 6, 6, 2, 11, 11, 11, 11, 11, 11, 11, 11, 11, 11, 11, 11, 11, 11, 11, 11, 11, 11], 
  [4, 4, 4, 4, 3, 3, 3, 3, 7, 7, 7, 7, 7, 7, 7, 7, 7, 7, 7, 7, 7, 7, 7, 7, 7], 
  [3, 3, 3, 3, 2, 2, 2, 2, 2, 6, 6, 6, 6, 6, 6, 6, 6, 6, 6, 6, 6, 6, 6, 6, 6], 
  [4, 4, 4, 4, 3, 3, 3, 3, 3, 3, 7, 7, 7, 7, 7, 7, 7, 7, 7, 7, 7, 7, 7, 7, 7], 
  [9, 9, 9, 9, 9, 9, 9, 9, 9, 9, 9, 11, 11, 11, 11, 11, 11, 11, 11, 11, 11, 11, 11, 11, 11], 
  [8, 8, 8, 8, 8, 8, 8, 8, 8, 8, 8, 1, 10, 10, 10, 10, 10, 10, 10, 10, 10, 10, 10, 10, 10], 
  [7, 7, 7, 7, 7, 7, 7, 7, 7, 7, 7, 1, 1, 9, 9, 9, 9, 9, 9, 9, 9, 9, 9, 9, 9], 
  [8, 8, 8, 8, 8, 8, 8, 8, 8, 8, 8, 2, 2, 2, 10, 10, 10, 10, 10, 10, 10, 10, 10, 10, 10], 
  [9, 9, 9, 9, 9, 9, 9, 9, 9, 9, 9, 4, 4, 4, 4, 11, 11, 11, 11, 11, 11, 11, 11, 11, 11], 
  [7, 7, 7, 7, 7, 7, 7, 7, 7, 7, 7, 2, 2, 2, 2, 1, 9, 9, 9, 9, 9, 9, 9, 9, 9], 
  [9, 9, 9, 9, 9, 9, 9, 9, 9, 9, 9, 4, 4, 4, 4, 3, 2, 11, 11, 11, 11, 11, 11, 11, 11], 
  [7, 7, 7, 7, 7, 7, 7, 7, 7, 7, 7, 4, 4, 4, 4, 4, 4, 4, 9, 9, 9, 9, 9, 9, 9], 
  [7, 7, 7, 7, 7, 7, 7, 7, 7, 7, 7, 4, 4, 4, 4, 4, 4, 4, 4, 9, 9, 9, 9, 9, 9], 
  [4, 4, 4, 4, 4, 4, 4, 4, 4, 4, 4, 1, 1, 1, 1, 1, 1, 1, 1, 1, 6, 6, 6, 6, 6], 
  [9, 9, 9, 9, 9, 9, 9, 9, 9, 9, 9, 7, 7, 7, 7, 7, 7, 7, 7, 7, 7, 11, 11, 11, 11], 
  [9, 9, 9, 9, 9, 9, 9, 9, 9, 9, 9, 7, 7, 7, 7, 7, 7, 7, 7, 7, 7, 2, 11, 11, 11], 
  [6, 6, 6, 6, 6, 6, 6, 6, 6, 6, 6, 4, 4, 4, 4, 4, 4, 4, 4, 4, 4, 3, 3, 8, 8]
  ]
}
