{
  "name": "h=08_t=050_s=120_m=08__6AQN.json",
  "height": 8,
  "symbol_weight_bound": 8,
  "symbol_count": 120,
  "common_symbols": [],
  "symbol_weights": [6, 5, 2, 1, 1, 7, 8, 7, 3, 7, 8, 7, 6, 7, 2, 8, 4, 3, 8, 2, 1, 5, 1, 6, 5, 2, 2, 6, 3, 7, 3, 2, 2, 6, 8, 1, 7, 3, 7, 3, 1, 2, 6, 4, 4, 7, 5, 5, 5, 4, 2, 1, 7, 8, 3, 1, 6, 1, 7, 2, 5, 8, 4, 2, 1, 4, 3, 5, 2, 8, 2, 5, 7, 8, 8, 5, 2, 7, 3, 6, 7, 6, 3, 8, 1, 5, 8, 8, 5, 4, 5, 1, 3, 2, 2, 6, 7, 4, 1, 7, 7, 8, 4, 8, 5, 2, 7, 1, 3, 2, 8, 3, 3, 4, 4, 3, 1, 7, 2, 7],
  "cost_mean": 23.337254901960783,
  "cost_standard_deviation": 8.675816304121943,
  "tiles": [
    [0, 2, 6, 15, 27, 53, 86],
    [0, 2, 6, 15, 27, 54, 87],
    [0, 2, 6, 15, 51, 83],
    [0, 2, 6, 15, 51, 84],
    [0, 2, 6, 15, 52, 85],
    [0, 2, 6, 28, 55, 88],
    [0, 2, 6, 29, 56, 89],
    [0, 2, 6, 29, 56, 90],
    [0, 2, 13, 44, 76],
    [0, 2, 13, 45, 77],
    [0, 2, 13, 46, 78],
    [0, 2, 14, 25, 47, 79],
    [0, 2, 14, 25, 48, 80],
    [0, 2, 14, 26, 49, 81],
    [0, 2, 14, 26, 50, 82],
    [0, 3, 7, 16, 30, 57, 91],
    [0, 3, 7, 17, 31, 58, 94],
    [0, 3, 7, 17, 31, 58, 95],
    [0, 3, 7, 17, 31, 92],
    [0, 3, 7, 17, 31, 93],
    [0, 3, 7, 17, 59, 96],
    [0, 3, 7, 17, 59, 97],
    [0, 3, 8, 18],
    [0, 3, 8, 18, 61, 100],
    [0, 3, 8, 32, 98],
    [0, 3, 8, 60, 99],
    [1, 4, 9, 19, 33, 63, 102],
    [1, 4, 9, 19, 62, 101],
    [1, 4, 9, 20, 34, 103],
    [1, 4, 9, 20, 35],
    [1, 4, 9, 20, 35, 64, 104],
    [1, 4, 10, 21, 38, 66, 107],
    [1, 4, 10, 21, 38, 66, 108],
    [1, 4, 10, 36, 65, 105],
    [1, 4, 10, 37, 106],
    [1, 5, 11, 22, 39, 67],
    [1, 5, 11, 22, 40],
    [1, 5, 11, 22, 40, 109],
    [1, 5, 11, 23, 41, 68, 110],
    [1, 5, 11, 23, 41, 69],
    [1, 5, 11, 23, 70, 111],
    [1, 5, 11, 23, 70, 112],
    [1, 5, 11, 23, 71, 113],
    [1, 5, 12],
    [1, 5, 12, 24, 42, 73, 116],
    [1, 5, 12, 24, 72, 115],
    [1, 5, 12, 24, 114],
    [1, 5, 12, 43, 74, 117],
    [1, 5, 12, 43, 74, 118],
    [1, 5, 12, 75, 119]
  ],
  "costs": [
  [46, 46, 46, 46, 46, 46, 46, 46, 46, 46, 46, 46, 46, 46, 46, 46, 46, 46, 46, 46, 46, 46, 46, 46, 46, 46, 46, 46, 46, 46, 46, 46, 46, 46, 46, 46, 46, 46, 46, 46, 46, 46, 46, 46, 46, 46, 46, 46, 46, 46, 46], 
  [11, 41, 41, 41, 41, 41, 41, 41, 41, 41, 41, 41, 41, 41, 41, 41, 41, 41, 41, 41, 41, 41, 41, 41, 41, 41, 41, 41, 41, 41, 41, 41, 41, 41, 41, 41, 41, 41, 41, 41, 41, 41, 41, 41, 41, 41, 41, 41, 41, 41, 41], 
  [9, 9, 33, 33, 33, 33, 33, 33, 33, 33, 33, 33, 33, 33, 33, 33, 33, 33, 33, 33, 33, 33, 33, 33, 33, 33, 33, 33, 33, 33, 33, 33, 33, 33, 33, 33, 33, 33, 33, 33, 33, 33, 33, 33, 33, 33, 33, 33, 33, 33, 33], 
  [2, 2, 1, 26, 26, 26, 26, 26, 26, 26, 26, 26, 26, 26, 26, 26, 26, 26, 26, 26, 26, 26, 26, 26, 26, 26, 26, 26, 26, 26, 26, 26, 26, 26, 26, 26, 26, 26, 26, 26, 26, 26, 26, 26, 26, 26, 26, 26, 26, 26, 26], 
  [12, 12, 12, 12, 36, 36, 36, 36, 36, 36, 36, 36, 36, 36, 36, 36, 36, 36, 36, 36, 36, 36, 36, 36, 36, 36, 36, 36, 36, 36, 36, 36, 36, 36, 36, 36, 36, 36, 36, 36, 36, 36, 36, 36, 36, 36, 36, 36, 36, 36, 36], 
  [9, 9, 9, 9, 9, 25, 25, 25, 25, 25, 25, 25, 25, 25, 25, 25, 25, 25, 25, 25, 25, 25, 25, 25, 25, 25, 25, 25, 25, 25, 25, 25, 25, 25, 25, 25, 25, 25, 25, 25, 25, 25, 25, 25, 25, 25, 25, 25, 25, 25, 25], 
  [17, 17, 17, 17, 17, 17, 33, 33, 33, 33, 33, 33, 33, 33, 33, 33, 33, 33, 33, 33, 33, 33, 33, 33, 33, 33, 33, 33, 33, 33, 33, 33, 33, 33, 33, 33, 33, 33, 33, 33, 33, 33, 33, 33, 33, 33, 33, 33, 33, 33, 33], 
  [18, 18, 18, 18, 18, 18, 5, 34, 34, 34, 34, 34, 34, 34, 34, 34, 34, 34, 34, 34, 34, 34, 34, 34, 34, 34, 34, 34, 34, 34, 34, 34, 34, 34, 34, 34, 34, 34, 34, 34, 34, 34, 34, 34, 34, 34, 34, 34, 34, 34, 34], 
  [13, 13, 13, 13, 13, 13, 13, 13, 21, 21, 21, 21, 21, 21, 21, 21, 21, 21, 21, 21, 21, 21, 21, 21, 21, 21, 21, 21, 21, 21, 21, 21, 21, 21, 21, 21, 21, 21, 21, 21, 21, 21, 21, 21, 21, 21, 21, 21, 21, 21, 21], 
  [21, 21, 21, 21, 21, 21, 21, 21, 14, 29, 29, 29, 29, 29, 29, 29, 29, 29, 29, 29, 29, 29, 29, 29, 29, 29, 29, 29, 29, 29, 29, 29, 29, 29, 29, 29, 29, 29, 29, 29, 29, 29, 29, 29, 29, 29, 29, 29, 29, 29, 29], 
  [15, 15, 15, 15, 15, 15, 15, 15, 8, 8, 23, 23, 23, 23, 23, 23, 23, 23, 23, 23, 23, 23, 23, 23, 23, 23, 23, 23, 23, 23, 23, 23, 23, 23, 23, 23, 23, 23, 23, 23, 23, 23, 23, 23, 23, 23, 23, 23, 23, 23, 23], 
  [15, 15, 15, 15, 15, 15, 15, 15, 15, 15, 15, 23, 23, 23, 23, 23, 23, 23, 23, 23, 23, 23, 23, 23, 23, 23, 23, 23, 23, 23, 23, 23, 23, 23, 23, 23, 23, 23, 23, 23, 23, 23, 23, 23, 23, 23, 23, 23, 23, 23, 23], 
  [16, 16, 16, 16, 16, 16, 16, 16, 16, 16, 16, 12, 24, 24, 24, 24, 24, 24, 24, 24, 24, 24, 24, 24, 24, 24, 24, 24, 24, 24, 24, 24, 24, 24, 24, 24, 24, 24, 24, 24, 24, 24, 24, 24, 24, 24, 24, 24, 24, 24, 24], 
  [14, 14, 14, 14, 14, 14, 14, 14, 14, 14, 14, 12, 12, 22, 22, 22, 22, 22, 22, 22, 22, 22, 22, 22, 22, 22, 22, 22, 22, 22, 22, 22, 22, 22, 22, 22, 22, 22, 22, 22, 22, 22, 22, 22, 22, 22, 22, 22, 22, 22, 22], 
  [9, 9, 9, 9, 9, 9, 9, 9, 9, 9, 9, 7, 7, 5, 17, 17, 17, 17, 17, 17, 17, 17, 17, 17, 17, 17, 17, 17, 17, 17, 17, 17, 17, 17, 17, 17, 17, 17, 17, 17, 17, 17, 17, 17, 17, 17, 17, 17, 17, 17, 17], 
  [17, 17, 17, 17, 17, 17, 17, 17, 17, 17, 17, 17, 17, 17, 17, 23, 23, 23, 23, 23, 23, 23, 23, 23, 23, 23, 23, 23, 23, 23, 23, 23, 23, 23, 23, 23, 23, 23, 23, 23, 23, 23, 23, 23, 23, 23, 23, 23, 23, 23, 23], 
  [22, 22, 22, 22, 22, 22, 22, 22, 22, 22, 22, 22, 22, 22, 22, 14, 28, 28, 28, 28, 28, 28, 28, 28, 28, 28, 28, 28, 28, 28, 28, 28, 28, 28, 28, 28, 28, 28, 28, 28, 28, 28, 28, 28, 28, 28, 28, 28, 28, 28, 28], 
  [26, 26, 26, 26, 26, 26, 26, 26, 26, 26, 26, 26, 26, 26, 26, 18, 6, 32, 32, 32, 32, 32, 32, 32, 32, 32, 32, 32, 32, 32, 32, 32, 32, 32, 32, 32, 32, 32, 32, 32, 32, 32, 32, 32, 32, 32, 32, 32, 32, 32, 32], 
  [16, 16, 16, 16, 16, 16, 16, 16, 16, 16, 16, 16, 16, 16, 16, 8, 3, 3, 22, 22, 22, 22, 22, 22, 22, 22, 22, 22, 22, 22, 22, 22, 22, 22, 22, 22, 22, 22, 22, 22, 22, 22, 22, 22, 22, 22, 22, 22, 22, 22, 22], 
  [15, 15, 15, 15, 15, 15, 15, 15, 15, 15, 15, 15, 15, 15, 15, 7, 2, 2, 2, 21, 21, 21, 21, 21, 21, 21, 21, 21, 21, 21, 21, 21, 21, 21, 21, 21, 21, 21, 21, 21, 21, 21, 21, 21, 21, 21, 21, 21, 21, 21, 21], 
  [20, 20, 20, 20, 20, 20, 20, 20, 20, 20, 20, 20, 20, 20, 20, 12, 9, 9, 9, 9, 26, 26, 26, 26, 26, 26, 26, 26, 26, 26, 26, 26, 26, 26, 26, 26, 26, 26, 26, 26, 26, 26, 26, 26, 26, 26, 26, 26, 26, 26, 26], 
  [17, 17, 17, 17, 17, 17, 17, 17, 17, 17, 17, 17, 17, 17, 17, 9, 6, 6, 6, 6, 4, 23, 23, 23, 23, 23, 23, 23, 23, 23, 23, 23, 23, 23, 23, 23, 23, 23, 23, 23, 23, 23, 23, 23, 23, 23, 23, 23, 23, 23, 23], 
  [12, 12, 12, 12, 12, 12, 12, 12, 12, 12, 12, 12, 12, 12, 12, 11, 11, 11, 11, 11, 11, 11, 18, 18, 18, 18, 18, 18, 18, 18, 18, 18, 18, 18, 18, 18, 18, 18, 18, 18, 18, 18, 18, 18, 18, 18, 18, 18, 18, 18, 18], 
  [27, 27, 27, 27, 27, 27, 27, 27, 27, 27, 27, 27, 27, 27, 27, 26, 26, 26, 26, 26, 26, 26, 15, 33, 33, 33, 33, 33, 33, 33, 33, 33, 33, 33, 33, 33, 33, 33, 33, 33, 33, 33, 33, 33, 33, 33, 33, 33, 33, 33, 33], 
  [7, 7, 7, 7, 7, 7, 7, 7, 7, 7, 7, 7, 7, 7, 7, 6, 6, 6, 6, 6, 6, 6, 3, 3, 13, 13, 13, 13, 13, 13, 13, 13, 13, 13, 13, 13, 13, 13, 13, 13, 13, 13, 13, 13, 13, 13, 13, 13, 13, 13, 13], 
  [16, 16, 16, 16, 16, 16, 16, 16, 16, 16, 16, 16, 16, 16, 16, 15, 15, 15, 15, 15, 15, 15, 12, 12, 12, 22, 22, 22, 22, 22, 22, 22, 22, 22, 22, 22, 22, 22, 22, 22, 22, 22, 22, 22, 22, 22, 22, 22, 22, 22, 22], 
  [27, 27, 27, 27, 27, 27, 27, 27, 27, 27, 27, 27, 27, 27, 27, 27, 27, 27, 27, 27, 27, 27, 27, 27, 27, 27, 27, 27, 27, 27, 27, 27, 27, 27, 27, 27, 27, 27, 27, 27, 27, 27, 27, 27, 27, 27, 27, 27, 27, 27, 27], 
  [27, 27, 27, 27, 27, 27, 27, 27, 27, 27, 27, 27, 27, 27, 27, 27, 27, 27, 27, 27, 27, 27, 27, 27, 27, 27, 12, 27, 27, 27, 27, 27, 27, 27, 27, 27, 27, 27, 27, 27, 27, 27, 27, 27, 27, 27, 27, 27, 27, 27, 27], 
